a,[fær]
a,[afbrigðilegur]
a,[fjarstaddur]
a,[fullkomlegur]
a,[óhlutbundinn]
a,[ríkulegur]
a,[bóklegur]
a,[ásættanlegur]
a,[aðgengilegur]
a,[nákvæmur]
a,[virkur]
a,[oddhvass]
a,[háður]
a,[nægjanlegur]
a,[fagurfræðilegur]
a,[hræddur]
a,[ágengur]
a,[fimur]
a
a,[vökull]
a,[lifandi]
a,[fálátur]
a,[gulbrúnn]
a,[tvíræður]
a,[metnaðargjarn]
a,[ríflegur]
a,[reiður]
a,[árlegur]
a,[nafnlaus]
a,[hagnýtur]
a,[tilhlýðilegur]
a
a,[fornleifafræðilegur]
a,[hrokafullur]
a,[gervi]
a,[listrænn]
a,[sneyptur]
a,[sofandi]
a,[skeleggur]
a,[undraverður]
a,[aðlaðandi]
a,[sjálfkrafa]
a,[laus]
a
a,[meðvitandi]
a,[agalegur]
a
a,[vondur]
a,[lélegur]
a,[skemmdur]
a,[jafnvægur]
a,[sköllóttur]
a,[ber]
a,[grundvallar-]
a,[fallegur]
a,[bitur]
a,[beiskur]
a,[svartur]
a,[svartur]
a,[bragðlítill]
a,[auður]
a,[blindur]
a,[ljóshærður]
a,[blóðugur]
a,[frakkur]
a,[hugaður]
a,[brotinn]
a,[brúnn]
a,[skrifræðis-]
a,[upptekinn]
a,[megnugur]
a,[gætinn]
a,[aðgætinn]
a,[miðlægur]
a,[viss]
a,[einkennandi]
a,[gæddur
a,[ódýr]
a,[kátur]
a,[barnalegur]
a,[þrálátur]
a,[borgarlegur]
a,[óbreyttur
a,[sígildur]
a,[hreinn]
a,[heiður]
a,[augljós]
a,[náinn]
a,[nálægur]
a,[lokaður]
a,[kaldur]
a,[kaldlyndur]
a
a,[litríkur]
a,[þægilegur]
a,[verslunar-]
a,[algengur]
a,[sameiginlegur]
a,[sameiginlegur]
a,[sambærilegur]
a,[samrýmanlegur]
a,[hæfur]
a
a,[fullbúinn]
a,[flókinn]
a,[yfirgripsmikill]
a,[hlutkenndur]
a,[öruggur]
a,[meðvitaður]
a,[íhaldssamur]
a,[allverulegur]
a,[umtalsverður]
a,[sífelldur]
a,[stöðugur]
a,[stjórnskipulegur]
a,[uppbyggjandi]
a,[ásáttur]
a,[heimsálfu-]
a,[samfelldur]
a,[umdeildur]
a,[handhægur]
a,[vanabundinn]
a,[svalur]
a,[kuldalegur]
a
a,[fyrirtækis-]
a,[gagnrýninn]
a,[alvarlegur]
a,[þýðingarmikill]
a,[óunninn]
a,[grófur]
a,[grimmur]
a
a
a
a,[sætur]
a,[daglegur]
a,[hættulegur]
a
a,[látinn]
a,[lífshættulegur]
a,[heyrnarlaus]
a,[afgerandi]
a,[skrautlegur]
a,[djúpur]
a,[nákvæmur]
a,[fínlegur]
a,[veikbyggður]
a,[lýðræðislegur]
a,[ósjálfstæður]
a,[ákjósanlegur]
a,[ólíkur]
a,[erfiður]
a
a,[háttvís]
a,[tæpitungulaus]
a,[óhreinn]
a,[klúr]
a,[þagmælskur]
a,[fjarlægur]
a,[skýr]
a,[innanríkis-]
a,[heimilis-]
a,[allsráðandi]
a
a,[þurr]
a
a,[sljór]
a,[leiðinlegur]
a,[hreyfifræðilegur]
a,[ákafur]
a,[snemmbúinn]
a,[auðveldur]
a,[efnahagslegur]
a,[menntunar-]
a,[áhrifaríkur]
a,[skilvirkur]
a
a,[glæsilegur]
a,[liðtækur]
a,[mælskur]
a,[tilfinningalegur]
a,[raunvísindalegur]
a,[tómur]
a,[hvetjandi]
a,[ánægjulegur]
a,[fullur
a
a,[jafn]
a,[grundvallar-]
a,[stofnað]
a,[eilífur]
a,[siðfræðilegur]
a,[þjóðlegur]
a,[jafn]
a,[jafn]
a,[nákvæmur]
a,[spenntur]
a,[spennandi]
a,[einskorðaður]
a,[framandi]
a,[undarlegur]
a,[væntanlegur]
a,[dýr]
a,[reyndur]
a,[tilrauna-]
a,[skýr]
a,[hraður]
a,[utanverður]
a,[útdauður]
a,[óvenjulegur]
a,[sanngjarn]
a,[trúr]
a,[rangur]
a,[kunnuglegur]
a,[fjarlægur]
a,[nýtískulegur]
a,[hraður]
a,[vandfýsinn]
a,[feitur]
a,[hagstæður]
a
a,[kvenlegur]
a,[fjárhags]
a,[fínn]
a,[lokinn]
a,[búinn
a,[fyrstur]
a,[milliliðalaus]
a
a,[gallaður]
a,[liðugur]
a,[heimskulegur]
a,[formlegur]
a,[framarlegur]
a,[ilmandi]
a,[hreinskilinn]
a,[frjáls]
a,[ókeypis]
a,[laus]
a,[tíður]
a,[ferskur]
a,[hortugur]
a,[vingjarnlegur]
a,[frosinn]
a
a
a,[saddur]
a,[gangfær]
a,[fyndinn]
a,[almennur]
a,[gjafmildur]
a
a,[ósvikinn]
a
a,[glaður]
a,[dýrlegur]
a,[hagstæður]
a,[góður]
a,[jafn]
a,[mikilfenglegur]
a
a,[myndrænn]
a,[þakklátur]
a,[frábær]
a,[risa-]
a,[grænn]
a,[félagslyndur]
a,[nærtækur]
a,[hamingjusamur]
a,[harður]
a,[skaðlegur]
a,[hörkulegur]
a,[heilbrigður]
a
a,[hjálplegur]
a,[bjargarlaus]
a,[hár]
a,[kostulegur]
a,[sagnfræðilegur]
a,[heilagur]
a,[samkynhneigður]
a,[heiðarlegur]
a,[heiðvirður]
a,[láréttur]
a,[fjandsamlegur]
a,[heitur]
a,[ákafur]
a,[risastór]
a,[mennskur]
a,[svangur]
a,[fáfróður]
a,[ólöglegur]
a,[ónæmur]
a
a,[óljós]
a,[mikilvægur]
a,[ómögulegur]
a,[tilkomumikill]
a,[ófullnægjandi]
a,[óviðeigandi]
a,[getulaus]
a,[óviðeigandi]
a,[lygilegur]
a,[sjálfstæður]
a,[innfæddur]
a
a,[innanhúss]
a,[iðnaðar-]
a,[óhjákvæmilegur]
a,[óendanlegur]
a,[áhrifamikill]
a
a,[innri]
a,[saklaus]
a,[ónógur]
a,[samþáttað]
a,[vitsmunalegur]
a,[ákafur]
a,[víxlverkandi]
a,[áhugaverður]
a,[milli-]
a,[innvortis]
a,[alþjóðlegur]
a,[ósýnilegur]
a,[óviðkomandi]
a,[afbrýðisamur]
a,[sameiginlegur]
a
a
a,[réttlátur]
a,[vænn]
a,[stæðilegur]
a,[síðastur]
a,[seinn]
a,[nýjastur]
a,[latur]
a,[vinstri]
a,[lagalegur]
a,[löggjafar-]
a,[frjálslyndur]
a
a,[ljós]
a,[ljós]
a,[líklegur]
a,[takmarkaður]
a
a,[vökvi]
a
a
a,[líflegur]
a,[rökréttur]
a,[einmana]
a,[langur]
a,[langur]
a,[laus]
a,[týndur]
a
a,[hávær]
a,[lágur]
a,[þunglyndur]
a,[tryggur]
a,[heppinn]
a,[segulmagnaður]
a,[aðal-]
a,[stórfelldur]
a,[fullveðja]
a
a,[sjávar-]
a,[giftur]
a
a,[þroskaður]
a,[þroskaður]
a,[hámark]
a,[þýðingarmikill]
a,[vélrænn]
a
a,[eftirminnilegur]
a
a
a,[mildur]
a,[her-]
a
a,[minniháttar]
a,[auvirðilegur]
a,[hreyfanlegur]
a,[nútíma-]
a,[hógvær]
a,[sameindar-]
a,[ferlegur]
a,[afskræmdur]
a
a,[siðferðilegur]
a,[átakanlegur]
a
a,[sveitafélaga-]
a,[músíkalskur]
a,[gagnkvæmur]
a,[þröngur]
a,[þröngsýnn]
a
a,[innfæddur]
a,[nauðsynlegur]
a
a,[neikvæður]
a,[taugastrekktur]
a,[fælinn]
a,[hlutlaus]
a,[nýr]
a
a,[indæll]
a,[göfuglyndur]
a,[tiginn]
a,[hnýsinn]
a,[eðlilegur]
a,[illræmdur]
a,[kjarnorku-]
a,[spikfeitur]
a,[hlutlægur]
a,[torskilinn]
a,[augljós]
a,[atvinnu-]
a,[furðulegur]
a,[ónotalegur]
a,[árásar-]
a,[opinber
a,[gamall]
a,[opinn]
a,[opinn]
a,[starfs-]
a,[andvígur]
a,[bjartsýnn]
a
a
a,[venjulegur]
a
a,[upprunalegur]
a,[viðtekinn]
a,[annar]
a,[ytri]
a
a,[sársaukafullur]
a,[samhliða]
a,[lamaður]
a
a
a,[vandur]
a,[sérstakur]
a,[ástríðufullur]
a,[aðgerðalaus]
a,[liðinn]
a,[þolinmóður]
a,[friðsamlegur]
a,[fullkominn]
a,[varanlegur]
a,[þrálátur]
a,[persónulegur]
a,[smásálarlegur]
a,[heimspekilegur]
a,[líkamlegur]
a,[fábrotinn]
a,[viðkunnanlegur]
a,[kurteis]
a,[pólitískur]
a,[fátækur]
a,[vinsæll]
a,[flytjanlegur]
a,[jákvæður]
a,[mögulegur]
a,[valdamikill]
a,[hagnýtur]
a,[hagsýnn]
a,[nákvæmur]
a
a,[ófrísk]
a,[ótímabær]
a
a,[viðstaddur]
a,[forseta-]
a,[aðal-]
a,[einka-]
a,[forréttinda-]
a,[skapandi]
a,[faglegur]
a,[spekingslegur]
a,[framsækinn]
a,[langvarandi]
a,[almennilegur]
a,[hlutfallslegur]
a
a
a,[almennings-]
a,[tær]
a,[ósvikinn]
a,[hæfur]
a,[megindlegur]
a,[þögull]
a,[hljóður]
a,[kynþátta-]
a
a,[sjaldgæfur]
a,[vitænn]
a,[hrár]
a,[tilbúinn]
a,[raunverulegur]
a,[ekta]
a,[raunsær]
a,[hæfilegur]
a,[fljótfær]
a,[staðbundinn]
a,[reglulegur]
a,[skyldur]
a,[tengdur]
a,[afstæður]
a,[viðeigandi]
a,[óbrigðull]
a,[trúaður]
a,[fulltrúa-]
a,[búsettur]
a,[íbúðar-]
a,[virðulegur]
a,[áreiðanlegur]
a,[eirðarlaus]
a,[takmarkaður]
a,[hættur
a,[byltingar-]
a,[ríkur]
a,[rétt]
a
a,[rotinn]
a,[ömurlegur]
a,[grófur]
a,[kringlóttur]
a,[sveita-]
a,[heilagur]
a,[sorgmæddur]
a,[öruggur]
a,[sómasamlegur]
a,[sáttur]
a,[vísindalegur]
a
a
a,[minniháttar]
a,[veraldlegur]
a,[verndaður]
a,[eldri]
a,[viðkvæmur]
a,[aðskilinn]
a,[alvarlegur]
a
a
a,[grunnhygginn]
a,[beittur]
a,[lágvaxinn]
a,[skammur]
a,[feiminn]
a,[veikur]
a,[svipaður]
a,[einhleypur]
a,[stakur]
a,[fær]
a,[háll]
a,[hægur]
a,[lávaxinn]
a,[klár]
a,[sléttur]
a,[félagslegur]
a,[þjóðfélagslegur]
a,[mjúkur]
a,[hljóðlegur]
a
a,[sól-]
a,[fastur]
a,[gegnheill]
a,[fágaður]
a,[gallalaus]
a,[súr]
a,[rúm-]
a,[tilgreindur]
a,[sjálfkrafa]
a,[ferhyrndur]
a,[stöðugur]
a,[staðlaður]
a,[tölfræðilegur]
a,[stöðugur]
a
a,[límugur]
a,[mollulegur]
a,[lygn]
a,[heiðarlegur]
a,[beinn]
a,[skrítinn]
a,[herstjórnarlegur]
a,[strangur]
a,[sterkur]
a,[sterkur]
a,[ákveðinn]
a,[öruggur]
a,[formgerðar-]
a,[þrár]
a,[undurfagur]
a,[vitlaus]
a,[huglægur]
a,[eftirfarandi]
a,[árangursríkur]
a,[sviplegur]
a,[nægur]
a,[æðri]
a,[viðbótar-]
a,[hissa]
a,[óvæntur]
a,[sætur]
a,[geðfelldur]
a,[skipulegur]
a,[hæfileikaríkur]
a,[málgefinn]
a,[hávaxinn]
a,[ljúffengur]
a,[tæknilegur]
a,[tímabundinn]
a,[meyr]
a,[blíður]
a,[strekktur]
a,[taugastrekktur]
a,[enda-]
a,[digur]
a,[þéttur]
a,[grannur]
a
a,[hugulsamur]
a,[snyrtilegur]
a,[þröngur]
a,[þreyttur]
a,[umburðarlyndur]
a,[harður]
a,[harður]
a,[eitraður]
a,[hefðbundinn]
a,[gegnsær]
a,[ómerkilegur]
a
a,[sannur]
a,[dæmigerður]
a,[ljótur]
a,[endanlegur]
a,[einróma]
a,[óvar]
a,[óþægilegur]
a,[órólegur]
a,[atvinnulaus]
a,[óvæntur]
a,[ósanngjarn]
a,[ólánsamur]
a
a,[dæmalaus]
a
a,[ólöglegur]
a,[ójafn]
a,[ólíklegur]
a,[ónotalegur]
a,[þéttbýlis-]
a,[gagnlegur]
a,[gagnslaus]
a,[venjulegur]
a,[laus]
a,[óljós]
a,[hégómlegur]
a,[gildur]
a,[dýrgripur]
a,[margvíslegur]
a,[munnlegur]
a,[lóðréttur]
a,[lífvænn]
a,[grimmur]
a,[þrekmikill]
a,[ofbeldisfullur]
a,[sýnilegur]
a,[sjón-]
a,[starfs-]
a,[sjálfboða]
a,[viðkvæmur]
a,[hlýr]
a,[hlýr]
a,[veikburða]
a
a,[velkominn]
a,[hraustur]
a,[blautur]
a,[hvítur]
a
a,[heill]
a,[villtur]
a,[ólmur]
a,[spakur]
a,[skrifaður]
a,[rangur]
a,[rangur]
a,[ungur]
n,[klaustur]
n,[geta]
n
n,[fjarvera]
n
n,[ísog]
n
n,[misnotkun]
n,[skítkast]
n,[akademía]
n,[hreimur]
n,[viðurkenning]
n,[aðgangur]
n,[aðgangur]
n,[tilviljun]
n,[slys]
n,[útskýring]
n,[reikningur]
n,[bókari]
n,[samsafn]
n,[afrek]
n
n,[kunningsskapur]
n,[kunningi]
n,[fengur]
n,[gjörningur]
n
n,[tilhlutun]
n,[hernaðaraðgerð]
n,[atburðarrás]
n
n,[ábót]
n,[ábót]
n,[heimilisfang]
n,[stjórnsýsla]
n,[stjórnandi]
n,[aðdáun]
n,[viðurkenning]
n
n,[ættleiðing]
n,[fullorðinn]
n,[framsókn]
n,[plús]
n
n,[auglýsing]
n,[ráð]
n,[ráðgjafi]
n,[forsvarsmaður]
n,[ástarsamband]
n,[samsækni]
n,[mægðir]
n,[eftirmiðdagur]
n,[aldur]
n,[gamalsaldur]
n,[tímabil]
n,[umboð]
n,[dagskrá]
n,[umboðsmaður]
n
n,[kvöl]
n,[samkomulag]
n,[jarðrækt]
n,[aðstoð]
n,[alnæmi]
n,[loft]
n,[flugtæki]
n
n,[flugvöllur]
n
n,[viðvörun]
n,[vekjaraklukka]
n,[felmtur]
n,[albúm]
n,[albúm]
n,[áfengi]
n,[hlutur]
n,[vasapeningar]
n,[bandamaður]
n,[vinur]
n
n,[ál]
n,[áhugamaður]
n,[tvíræðni]
n,[metnaður]
n,[sjúkrabíll]
n,[lagabreyting]
n,[hliðstæða]
n,[greining]
n,[sálkönnuður]
n
n,[reiði]
n,[hlutdrægni]
n,[horn]
n,[dýr]
n
n,[minningardagur]
n,[tilkynning]
n,[svar]
n
n,[eftirvænting]
n,[kvíði]
n,[tómlæti]
n,[afsökun]
n,[tæki]
n,[aðdráttarafl]
n,[áfrýjun]
n,[ásýnd]
n
n,[viðauki]
n
n
n
n,[notkun]
n,[umsókn]
n,[staða]
n,[blessun]
n,[fiskabúr]
n,[bogi]
n,[arkitektúr]
n
n,[svæði]
n,[leikvangur]
n,[röksemd]
n,[handleggur]
n,[hægindastóll]
n,[tilhögun]
n,[uppsetning
n,[ör]
n,[ör]
n,[list]
n,[grein]
n
n
n,[hlið
n
n
n,[samkoma]
n,[samsetning]
n,[fullyrðing]
n,[úttekt]
n,[mat
n,[kostur]
n,[verkefni]
n,[hugmyndatengsl]
n,[félag]
n,[samband]
n,[ætlun]
n,[fullvissa]
n,[hæli]
n
n,[gufuhvolf]
n,[andrúmsloft]
n,[frumeind]
n
n,[væntumþykja]
n,[árás]
n,[árás]
n,[athygli]
n,[háaloft]
n,[hugsunarháttur]
n,[aðdráttarafl]
n,[aðlöðun]
n,[aðdráttarafl]
n,[uppboð]
n,[áhorfendur]
n,[áheyrandi]
n,[föður/móðursystir]
n,[vald]
n,[yfirvald]
n,[sjálfsstjórn]
n,[breiðgata]
n,[meðallag]
n,[flug]
n,[verðlaun]
n,[öxull]
n,[ungbarn]
n,[bak]
n,[bak]
n
n,[bakgrunnur]
n,[bakgrunnur]
n,[beikon]
n
n,[taska]
n,[veð]
n
n,[jöfnuður]
n,[jafnvægi]
n,[svalir]
n,[bolti]
n,[ball]
n,[hnöttur]
n,[ballett]
n,[blaðra]
n,[atkvæðaseðill]
n,[bann]
n,[banani]
n,[rönd]
n,[hringur]
n
n,[hljómsveit]
n,[hvellur]
n,[banki]
n,[bakki]
n,[gjaldþrot]
n,[veifa]
n,[rimill]
n,[bar]
n,[slá]
n
n,[börkur]
n,[tunna]
n
n,[hindrun]
n,[sökkull]
n,[sökkull]
n,[sökkull]
n,[hafnabolti]
n,[vaskur]
n,[undirstaða]
n,[karfa]
n
n,[leðurblaka]
n,[baðkar]
n,[baðherbergi]
n,[árás]
n,[rafhlaða]
n,[bardagi]
n,[vígvöllur]
n,[flói]
n,[strönd]
n,[bjálki]
n,[geisli]
n,[baun]
n,[björn]
n,[skegg]
n,[sláttur]
n,[rúm]
n,[beð]
n
n,[býfluga]
n,[nautakjöt]
n,[bjór]
n,[byrjun]
n,[hegðun]
n,[trúnaður]
n,[bjalla]
n,[kviður]
n,[belti]
n
n,[bekkur]
n
n,[styrkur
n,[góðgerðartónleikar]
n,[ber]
n,[veðmál]
n,[biblían]
n,[mótorhjól]
n,[goggur]
n
n,[ílát]
n,[ævisaga]
n
n
n,[afmæli]
n,[smákaka]
n
n,[tík]
n,[tík]
n,[snarl]
n,[bit]
n,[sverta]
n,[fjárkúgun]
n
n,[blað]
n,[sprenging]
n
n,[kubbur]
n,[blóð]
n,[blóðsúthelling]
n,[högg]
n,[áfall]
n
n,[blámi]
n,[borð]
n
n,[fjöl]
n,[bátur]
n,[líkami]
n,[líkami]
n,[lík]
n,[bolti]
n,[elding]
n
n
n
n,[fjötrar]
n,[skuldbindingarskjal]
n
n,[bein]
n,[bindi]
n,[bók]
n,[uppgangur]
n
n,[landamæri]
n,[flaska]
n,[fraktskip]
n,[botn]
n,[bogi]
n,[slaufa]
n,[þarmur]
n,[skál]
n,[leikvangur]
n,[kassi]
n,[strákur]
n
n,[hópur]
n,[heili]
n,[snillingur]
n,[bremsa]
n,[grein]
n,[merki]
n,[brauð]
n,[brot]
n,[pása]
n,[bilun]
n,[niðurbrot]
n,[morgunverður]
n,[brjóst]
n,[gola]
n,[ölgerð]
n,[múrsteinn]
n,[brúður]
n
n,[útsending]
n,[spergilkál]
n,[bronsstytta]
n,[bróðir]
n,[bróðir]
n,[bróðir]
n,[bursti]
n
n,[fata]
n,[fjárhagsáætlun]
n
n,[bygging]
n,[pera]
n
n,[kúla]
n,[fréttatilkynning]
n,[knippi]
n,[skrifræði]
n,[jarðaför]
n,[bruni]
n,[sólbrúnka]
n,[strætisvagn]
n,[runni]
n,[starf]
n,[atvinnufyrirtæki]
n,[athafnamaður]
n,[smjör]
n
n,[tala]
n,[takki]
n,[káeta]
n,[kofi]
n
n
n,[kapall]
n,[kaffihús]
n
n,[kaka]
n,[reikningur]
n,[fyrirhyggja]
n,[dagatal]
n,[kálfur]
n,[heimsókn]
n
n,[kall]
n,[söngur]
n,[hitaeining]
n
n
n
n
n,[klíka]
n,[herferð]
n,[safarí]
n,[herferð]
n,[krabbamein]
n
n,[kerti]
n,[stafur]
n,[segldúkur]
n,[húfa]
n,[tappi]
n,[upphafsstafur]
n,[höfuðborg]
n,[fjármagn]
n,[auðvald]
n,[kafteinn]
n,[bíll]
n
n
n,[kort]
n,[skírteini]
n
n
n,[umsjá]
n,[umönnun]
n,[varúð]
n,[áhyggja]
n,[ferill]
n,[gólfteppi]
n,[vagn]
n,[staða]
n,[póstur]
n
n,[kerra]
n,[málssókn]
n,[hylki]
n,[dæmi]
n,[reiðufé]
n,[snælda]
n,[gifs]
n
n,[kastali]
n,[mannfall]
n,[köttur]
n,[vörulisti]
n,[dulinn
n
n,[dómkirkja]
n,[kýr]
n,[málstaður]
n,[hellir]
n
n,[þak]
n,[mannfagnaður]
n,[fruma]
n
n
n,[farsími]
n
n,[kirkjugarður]
n
n
n,[miðstöð]
n,[miðja]
n,[miðja]
n,[öld]
n
n,[athöfn]
n,[vottorð]
n,[keðja]
n,[hálsfesti]
n
n
n,[stóll]
n
n,[vefenging]
n,[áskorun]
n
n,[meistari]
n,[líkur]
n,[hending]
n,[tækifæri]
n,[breyting]
n,[skiptimynt]
n,[rás]
n
n,[ringulreið]
n,[sprunga]
n,[kafli]
n,[letur]
n,[karakter]
n,[gott
n,[einkennandi]
n,[gjald]
n,[kæra]
n
n,[líkn]
n,[líknarsamtök]
n
n,[sjókort]
n
n,[skipulagsskrá]
n,[þjóðskrumari]
n,[skák]
n,[staðfesting]
n,[reikningur]
n
n,[frekja]
n,[kinn]
n,[óskammfeilni]
n
n,[efnafræðilegt
n
n,[tékki]
n
n,[kommóða]
n,[bringa]
n,[hænsni]
n,[heigull]
n,[stjóri]
n,[barn]
n,[bernska]
n,[strompur]
n,[haka]
n,[kubbur]
n,[flaga]
n,[flís]
n
n,[kostur]
n
n,[kór]
n,[kirkja]
n,[sígaretta]
n,[kvikmyndahús]
n,[hringur]
n,[hringrás]
n,[kringumstæður]
n,[þegn]
n,[borg]
n,[óbreyttur
n,[siðmenning]
n,[tilkall]
n,[krafa]
n,[árekstur]
n,[stétt]
n,[bekkur]
n,[skólastofa]
n,[lík]
n,[leir]
n,[rými]
n,[afgreiðslumaður]
n,[sölumanneskja]
n,[veðurfar]
n,[heilsugæslustöð]
n,[klukka]
n,[föt]
n,[ský]
n,[kylfa]
n
n
n
n,[vísbending]
n,[klasi]
n
n
n,[samsteypa]
n,[strönd]
n,[frakki]
n
n,[dulmál]
n,[kóði]
n
n
n,[mynt]
n,[tilviljun]
n,[kuldi]
n,[kvef]
n,[hálsband]
n,[samstarfsmaður]
n
n,[háskóli]
n,[ristill]
n
n,[nýlenda]
n,[litur]
n,[súla]
n
n,[dá]
n,[samsetning]
n,[gamanleikur]
n
n,[huggun]
n,[þægindi]
n
n,[stjórn]
n,[skipun]
n,[athugasemd]
n,[slúður]
n,[verslun]
n,[nefnd]
n,[umboðslaun]
n,[fylgi
n,[nefnd]
n,[boðskipti]
n,[kommúnisti]
n,[samfélag]
n
n,[undirfylki
n,[félag]
n,[samanburður]
n,[hólf]
n,[bætur]
n,[hæfni]
n,[samkeppni]
n,[keppni]
n,[hlýðni]
n,[flækja]
n,[tónskáld]
n,[blanda]
n,[málamiðlun]
n,[tölva]
n
n,[styrkur]
n,[einbeiting]
n
n,[sköpun]
n,[áhugi]
n,[áhyggja]
n,[tónleikar]
n,[eftirgjöf]
n,[endir]
n,[steinsteypa]
n,[aðstæður]
n,[skilmáli]
n,[skilyrði]
n,[ástand]
n
n
n,[ráðstefna]
n,[játning]
n,[traust]
n,[árekstur]
n,[átök]
n,[árekstur]
n,[ruglingur]
n,[sundurleitt
n,[löggjafarþing]
n,[tenging]
n,[voldugur
n,[tengsli]
n,[samviska]
n,[vitund]
n,[sameiginlegt
n,[varðveisla]
n,[tillitssemi]
n,[íhugun]
n,[samsæri]
n,[stjörnumerki]
n
n,[gerð]
n,[stjórnarskrá]
n,[fengelsun]
n
n,[neytandi]
n,[neysla]
n,[snerting]
n,[snerting]
n
n,[samtíða]
n,[fyrirlitning]
n
n,[keppni]
n
n,[framhald]
n,[samningur]
n,[samdráttur]
n,[ósamkvæmi]
n,[andstæður]
n,[andstæða]
n,[framlag]
n,[stjórn]
n,[vald]
n,[tæki
n,[siðvenja]
n,[ráðstefna]
n,[samtal]
n,[sannfæring]
n,[kokkur]
n,[samvinna]
n,[kopar]
n,[afrit]
n,[höfundaréttur]
n,[rifflað
n,[kjarni]
n,[korn]
n
n,[veggskot]
n,[leiðrétting]
n,[fylgni]
n,[bréfaskipti]
n,[mútuþægni]
n,[búningur]
n,[sumarbústaður]
n,[bómull]
n,[ráð]
n,[afgreiðsluborð]
n,[land]
n,[sveit]
n,[sveit]
n
n,[par]
n,[hugrekki]
n,[ferill]
n,[áfangi]
n,[leið]
n,[húsagarður]
n,[réttarsalur]
n,[hirð]
n,[kurteisi]
n,[skyldmenni]
n,[ábreiða]
n,[lok]
n,[umfjöllun]
n,[trygging]
n,[kýr]
n,[brandari]
n,[sprunga]
n,[kænn]
n,[handverk]
n,[handverksmaður]
n,[árekstur]
n,[hrun]
n,[krem]
n
n,[sköpun]
n,[trúverðugleiki]
n,[kreditkort]
n,[eining]
n,[orðstír]
n,[inneign]
n
n
n,[áhöfn]
n
n,[glæpur]
n,[glæpamaður]
n,[hættuástand]
n,[gagnrýnandi]
n,[gagnrýni]
n,[uppskera]
n,[kynblöndun]
n,[kross]
n
n,[krossgötur]
n,[fjölmenni]
n,[kóróna]
n,[grimmd]
n
n
n,[kvars]
n
n,[ræktun]
n
n,[þjóðmenning]
n,[fágun]
n,[bolli]
n,[bollafylli]
n
n,[gjaldmiðill]
n,[rafstraumur]
n
n,[gluggatjöld]
n,[bugða]
n,[boglína]
n,[sveigja]
n,[sessa]
n,[varðhald]
n,[viðskiptavinur]
n,[lítilsvirðing]
n,[niðurskurður]
n,[hluti]
n,[skurður]
n
n,[hringur]
n,[sívalningur]
n,[mjólkurbú]
n,[tjón]
n,[hætta]
n,[myrkur]
n
n
n
n,[dagsetning]
n,[dóttir]
n,[dagur]
n,[dagsbirta]
n,[eindagi]
n
n,[samningur]
n,[söluaðili]
n,[dauði]
n,[kappræður]
n
n,[áratugur]
n,[rotnun]
n,[eyðing]
n,[dekk]
n,[stokkur]
n,[yfirlýsing]
n,[skreyting]
n,[minnkun]
n,[hjartardýr]
n,[sjálfkrafa]
n,[vanskil]
n,[ósigur]
n,[sakborningur]
n,[vöntun]
n,[halli]
n,[skilgreining]
n,[gráða]
n,[stig]
n,[gráða]
n,[hitastig]
n,[frestur]
n,[fulltrúi]
n,[fæðing]
n,[krafa]
n,[eftirspurn]
n,[lýðræði]
n
n,[sýnishorn]
n,[mótmælandi]
n,[neitun]
n,[þéttleiki]
n
n
n,[ósjálfstæði]
n,[set]
n,[innlegg]
n
n,[dæld]
n,[lágþrýstingur]
n
n,[þunglyndi]
n,[missir]
n,[staðgengill]
n
n,[beinn
n,[eyðimörk]
n,[hönnun]
n,[hönnun]
n,[arkitekt]
n,[hönnuður]
n,[hönnuður]
n,[fýsn]
n
n,[örvænting]
n,[eyðilegging]
n,[smáatriði]
n,[rannsóknarlögreglumaður]
n,[nemi]
n,[uppbygging]
n,[þroski]
n,[frávik]
n,[sjúkdómsgreining]
n,[línurit]
n
n,[línur
n,[samræður]
n,[þvermál]
n
n,[orðabók]
n,[mataræði]
n,[mismunur]
n,[afgangur]
n,[erfiðleiki]
n,[vandi]
n,[reisn]
n,[ógöngur]
n,[vídd]
n,[kvöldverður]
n,[diplómat]
n,[átt]
n,[leiðsögn]
n,[leikstjóri]
n,[nefndarmeðlimur]
n,[skrá]
n,[örorka]
n,[ókostur]
n,[ósamkomulag]
n,[vonbrigði]
n,[hörmung]
n,[agi]
n,[diskó]
n,[afsláttur]
n,[predikun]
n,[uppgötvun]
n
n,[sjúkdómur]
n,[diskur]
n,[diskur]
n,[réttur]
n,[diskur]
n,[uppsögn]
n,[óregla]
n
n,[geð]
n,[vegalengd]
n
n,[rangfærsla]
n,[afskræming]
n
n,[byggðarlag]
n,[ónæði]
n,[arður]
n,[deiling]
n
n,[deild]
n,[skilnaður]
n,[læknir]
n
n,[skjal]
n,[hundur]
n,[pylsa]
n,[dúkka]
n,[dalur]
n,[höfrungur]
n,[hvelfing]
n,[yfirráð]
n,[gjafi]
n
n,[skammtur]
n,[tvöfaldur]
n,[staðgengill]
n,[efi]
n,[vafi]
n,[deig]
n,[tylft]
n,[kvaðning]
n,[uppkast]
n,[súgur]
n,[dreki]
n,[frárennsli]
n,[dramatík]
n,[skúffa]
n,[happdrætti]
n,[teikning]
n,[draumur]
n,[draumar]
n,[sárabúnaður]
n,[framburður]
n
n,[æfing]
n,[bor]
n,[ölvun]
n
n,[ökuferð]
n,[bílaplan]
n,[drif]
n,[ökumaður]
n,[klif]
n
n,[lyf]
n,[tromma]
n,[tromla]
n
n
n,[tímalengd]
n,[ryk]
n,[skylda]
n,[tollur]
n,[örn]
n
n,[eyra]
n,[jarðskjálfti]
n,[austur
n,[austur
n,[bergmál]
n,[hagfræði]
n,[hagfræðingur]
n,[hagsýni]
n,[efnahagslíf]
n,[egg]
n
n,[útgáfa]
n,[fræðsla]
n,[menntun]
n,[áhrif]
n,[afleiðing]
n,[fyrirhöfn]
n
n,[egó]
n
n,[kosning]
n
n,[rafmagn]
n
n,[raftækni]
n,[partur]
n
n
n
n,[skömm]
n
n
n,[neyðartilvik]
n,[tilfinning]
n,[áhersla]
n,[heimsveldi]
n,[starfsmaður]
n,[atvinnurekandi]
n,[atvinna
n,[endir]
n,[lok]
n
n,[óvinur]
n,[orka]
n,[trúlofun]
n,[vél]
n
n
n,[skemmtun]
n,[eldmóður]
n,[réttur]
n,[inngangur]
n,[þátttaka]
n
n,[umhverfi]
n
n
n,[jafnvægi]
n,[útbúnaður]
n,[tímabil]
n,[rof]
n,[villa]
n,[villa]
n,[ritgerð]
n,[ilmvatn]
n,[dánarbú]
n,[mat]
n
n,[mat]
n,[mat]
n
n
n,[kvöld]
n,[þróun]
n
n,[dæmi]
n,[dæmi]
n,[uppgröftur]
n,[undantekning]
n,[ofgnótt]
n,[skipti]
n,[tjáskipti]
n,[æsingur]
n,[spenningur]
n,[afsökun]
n,[aftaka]
n
n,[framkvæmdastjóri]
n,[undanþága]
n,[æfing]
n,[sýning]
n,[útlegð]
n,[útgangur]
n,[þensla]
n,[væntingar]
n,[leiðangur]
n,[eyðsla]
n,[reynsla]
n,[tilraun]
n,[sérfræðingur]
n,[sérfræðiþekking]
n,[skýring]
n,[könnunarleiðangur]
n,[sprenging]
n,[skjólleysi]
n,[orðtak]
n
n
n,[framlenging]
n,[umfang]
n
n,[ákaflegur]
n,[auga]
n,[augabrún]
n,[framhlið]
n,[andlit]
n
n,[geta]
n,[staðreynd]
n,[þáttur]
n,[verksmiðja]
n,[Ekkert
n,[Ekkert
n,[gjaldþrot]
n
n
n,[álfur]
n,[trúlofun]
n,[fall]
n,[niðurferð]
n
n,[ljósaskipti]
n,[frægð]
n,[fjölskylda]
n,[aðdáandi]
n,[hugarburður]
n
n,[bóndabær]
n,[bóndi
n,[tíska]
n,[fita]
n,[fita]
n,[faðir]
n,[sök]
n,[galli]
n,[greiði]
n,[greiði]
n,[uppáhald]
n,[fax]
n,[ótti]
n,[veisla]
n,[fjöður]
n,[drættir]
n,[eiginleiki]
n,[ríkjasamband]
n,[gjald
n
n,[tilfinning]
n,[skynjun]
n,[kvenréttindamanneskja]
n,[girðing]
n,[ferja]
n,[hátíð]
n,[hiti]
n,[fáir]
n,[trefja]
n,[skáldskapur]
n,[tún]
n,[völlur]
n
n,[slagur]
n,[fígúra]
n,[upphæð]
n
n,[spjaldskrárgeymsla]
n,[gagnaskrá]
n
n
n
n,[bíómynd]
n,[sía]
n,[lokapróf]
n,[fjármálastjórn]
n,[fingur]
n,[arinn]
n,[skothríð]
n,[eldmóður]
n,[eldur]
n,[slökkviliðsmaður]
n,[fyrirtæki]
n
n,[fiskur]
n,[sjómaður]
n,[hnefi]
n,[hviða]
n,[hreysti]
n,[búnaður]
n,[fáni]
n,[flass]
n,[leiftur]
n,[augnablik]
n,[íbúð]
n
n,[bragð]
n,[floti]
n,[hold]
n
n,[flótti]
n,[flug]
n
n,[hópur]
n,[flóð]
n,[gólf]
n
n,[blóm]
n,[flensa]
n,[óstöðugleiki]
n,[vökvi]
n
n,[ruglingur]
n,[þoka]
n,[brot]
n
n,[fólk]
n
n,[matur]
n,[bjáni]
n
n,[fótur]
n
n,[fótbolti]
n,[ofbeldi]
n,[afl]
n,[mannafli]
n,[spá]
n,[enni]
n,[útlendingur]
n,[skógur]
n,[skógræktarfræði]
n,[gaffall]
n,[form]
n,[eyðublað]
n,[tilbrigði]
n,[snið]
n,[myndun]
n,[formúla]
n,[gæfa]
n,[auður]
n,[örlög]
n
n,[steingervingur]
n
n,[grunnur]
n
n,[refur]
n,[brot]
n,[brot]
n,[beinagrind]
n,[einkaumboð]
n,[svindl]
n,[svindlari]
n,[frekna]
n,[frelsi]
n,[frakt]
n,[tíðni]
n,[fyrsta
n,[ísskápur]
n,[vinur]
n,[vinátta]
n
n,[framhlið]
n,[víglína]
n
n,[ávöxtur]
n,[gremja]
n,[eldsneyti]
n,[fjör]
n,[samkoma]
n
n,[sjóður]
n,[jarðaför]
n,[feldur]
n,[húsgögn]
n,[stúss]
n,[framtíð]
n
n,[gallerí]
n
n,[leikur]
n
n,[skarð]
n
n,[bifvélaverkstæði]
n,[sorp]
n,[garður]
n,[hvítlaukur]
n
n,[gas]
n,[bensín
n
n,[gír]
n,[gen]
n,[hershöfðingi]
n
n,[snilli]
n,[prúðmenni]
n,[landfræði]
n,[látbragð]
n,[draugur]
n
n,[risi]
n,[gjöf]
n,[kærasta]
n,[stelpa]
n,[jökull]
n
n,[glas]
n,[spegill]
n
n,[gleraugu]
n
n,[drungi]
n,[dýrð]
n,[hanski]
n,[bjarmi]
n,[lím]
n
n
n
n
n,[geit]
n,[guð]
n,[gull]
n,[golf]
n,[vara]
n,[gæði]
n,[ríkisstjórn]
n,[landstjóri]
n,[kyrtill]
n,[þokki]
n,[sæmd]
n,[halli]
n
n,[korn]
n,[ögn]
n,[málfræði]
n,[afi]
n,[amma]
n,[styrkur]
n,[graf]
n,[grafík]
n,[marijúana]
n,[gras]
n,[gröf]
n,[möl]
n,[alvörugefni]
n,[þyngdarafl]
n,[grænn]
n,[grænn]
n,[kveðja]
n,[sorg]
n,[gretta]
n,[grip]
n,[grip]
n,[jörð]
n,[grunnur]
n,[gróður]
n,[vöxtur]
n,[æxli]
n,[ábyrgð]
n,[vörður]
n,[vörður]
n
n,[gestur]
n,[leiðsögubók]
n,[leiðsögumaður]
n
n,[sekt]
n
n,[byssa]
n,[ræsi]
n,[vani]
n,[heimili]
n,[hár]
n,[hár]
n
n,[hálfur]
n
n
n,[forstofa]
n,[heimavist]
n
n,[stans]
n
n,[hamar]
n
n,[hönd]
n,[klapp]
n
n,[vinnuafl]
n,[höfn]
n,[erfiði]
n,[vélbúnaður]
n,[samlyndi]
n
n,[uppskera]
n,[hattur]
n
n,[framhlið
n,[höfuð
n,[höfuð
n,[fyrirsögn]
n,[aðalstöð]
n,[heilsa]
n,[heilsa]
n
n
n,[hjartalag]
n
n,[hiti]
n,[hiti]
n,[himnaríki]
n,[runni]
n
n
n,[erfingi]
n,[þyrla]
n,[helvíti]
n
n,[hjálp
n,[aðstoðarmanneskja]
n
n,[hálfhvel]
n,[hæna]
n,[kryddjurt]
n,[hjörð]
n
n,[hetja]
n
n,[stigveldi]
n
n,[hæð]
n,[mjöðm]
n,[sagnfræðingur]
n,[sagnfræði
n,[saga]
n,[sagan]
n,[varðhald]
n,[hola]
n,[glundroði]
n,[frí]
n
n,[heimili]
n,[elliheimili]
n
n,[heiðarleiki]
n,[heiður]
n,[krókur]
n,[beita]
n,[von]
n,[sjóndeildarhringur]
n
n,[flauta]
n,[stjörnuspá]
n,[hryllingur]
n,[hestur]
n
n,[sjúkrahús]
n,[gestrisni]
n,[stjórnandi]
n,[gestgjafi]
n
n,[árásarhneigð]
n,[fjandskapur]
n,[hótel]
n,[klukkustund]
n,[tími
n,[hús]
n,[löggjafarþing]
n,[fjölskylda]
n
n,[húsmóðir]
n,[húsakostur]
n,[mannslíkaminn]
n,[manneðli]
n,[skopskyn]
n
n,[veiði
n,[eiginmaður]
n,[kofi]
n,[tilgáta]
n,[ís]
n,[ís]
n,[hugmynd]
n,[fyrirmynd]
n,[skilríki]
n
n
n,[hugmyndafræði]
n,[vankunnátta]
n,[veikindi]
n,[tálmynd]
n
n,[ímynd]
n,[eftirlíking]
n,[ímyndunarafl]
n,[innflytjandi]
n,[innflutningur]
n,[árekstur]
n
n
n,[innflutningur]
n,[mikilvægi]
n,[endurbót]
n
n
n,[hvatning]
n,[tomma]
n,[atburður]
n,[tekjur]
n,[aukning]
n,[vísifingur]
n,[atriðaskrá]
n,[vottur]
n,[einstaklingur]
n,[iðnaður]
n,[ástundun]
n,[smit]
n,[verðbólga]
n,[áhrif]
n,[áhrif]
n,[upplýsingar]
n
n,[efni]
n,[íbúi]
n,[hömlur]
n,[upphafsstafur]
n,[frumkvæði]
n,[innspýting]
n,[meiðsli]
n,[gistihús]
n,[nýsköpun]
n,[eftirgrennslan]
n,[skordýr]
n
n
n,[innblástur]
n,[innsýn]
n,[eftirgangsmunir]
n,[eftirlitsmaður]
n,[andagift]
n,[eðlisávísun]
n
n
n,[leiðbeining]
n,[tæki]
n
n,[trygging]
n
n,[heilindi]
n,[greind]
n
n,[ásetningur]
n,[samverkan]
n,[áhugamál]
n
n,[viðmót]
n,[hindranir]
n,[íhlutun]
n,[viðtal]
n,[inngangur]
n,[kynning]
n
n,[innrás]
n,[rannsókn]
n,[rannsóknamaður]
n
n,[boðskort]
n
n,[íronía]
n,[eyja]
n,[einangrun]
n
n,[afkomandi]
n,[atriði]
n
n,[jakki]
n,[sulta]
n,[krukka]
n,[kjálki]
n
n,[hlaup]
n,[þota]
n,[gimsteinn]
n,[verk]
n,[vinna]
n,[knapi]
n,[búla]
n,[liðamót]
n,[brandari]
n
n,[dagbók]
n,[gleði]
n,[dómari]
n,[dómur]
n,[mat]
n,[safi]
n,[stökk]
n,[mót]
n,[frumskógur]
n
n
n,[réttlæti]
n,[réttlæting]
n
n
n
n
n,[fútt]
n,[kiðlingur]
n
n,[morðingi]
n,[konungur]
n,[konungur]
n,[konungur]
n,[konungsríki]
n,[skyldleiki]
n
n,[eldhús]
n
n,[hné]
n,[hnífur]
n
n,[þekking]
n
n
n,[rannsóknarstofa]
n,[erfiðisvinna]
n,[verkamenn]
n,[vinnumaður]
n,[blúnda]
n,[skortur]
n,[stigi]
n,[kona]
n,[stöðuvatn]
n
n,[lampi]
n,[land]
n,[land]
n,[húseigandi]
n,[landeigandi]
n,[landslag]
n
n,[tungumál]
n,[fagorð]
n,[kjalta]
n
n,[þvottur]
n,[lögmál]
n,[lög
n,[lögreglan]
n
n,[lögfræðingur]
n
n
n,[leiðtogi]
n,[ól]
n,[forysta]
n
n,[leiðtogi]
n,[forusta]
n,[lauf]
n,[bæklingur]
n
n,[leður]
n,[brottför]
n,[leyfi]
n,[fyrirlestur]
n
n,[afgangur]
n,[fótur]
n,[leggur]
n,[texti]
n,[þjóðsaga]
n,[löggjöf]
n,[löggjafi]
n,[frístund]
n,[gallagripur]
n,[sítróna]
n,[lengd]
n,[lengd]
n,[kennslustund]
n,[bréf]
n,[stafur]
n,[hæð]
n
n,[stig
n,[ábyrgð]
n,[frelsi]
n,[bókasafn]
n,[leyfi]
n,[lok]
n,[augnlok]
n,[lygi
n
n,[líf]
n
n
n,[lyfta]
n,[ljós]
n,[kveikjari]
n,[ljómi]
n
n,[limur]
n,[takmörkun]
n,[takmörk
n,[takmörk]
n,[leið
n,[lína]
n
n,[lína]
n,[röksemdarleiðsla]
n
n,[röð]
n,[lína]
n,[lín
n,[tenging]
n,[ljón]
n,[barmur]
n,[vör
n,[vökvi]
n,[halli]
n,[listi]
n,[lestrar
n,[bókmenntir]
n,[málaferli]
n
n,[hlass]
n
n,[anddyri]
n
n,[staðsetning]
n,[lás]
n,[lokkur]
n
n,[trjábolur]
n,[rökfræði]
n,[útlit]
n,[blær]
n,[endurtekning]
n,[lykkja]
n,[tap]
n,[tap]
n,[reitur]
n,[hópur]
n,[setustofa]
n,[sófi]
n,[ást]
n,[unnusta/unnusti]
n,[elskhugi]
n,[tryggð]
n,[kekkur]
n,[hádegisverður]
n
n,[vél]
n,[vélbúnaður]
n
n,[stærð]
n,[þerna]
n,[póstur]
n,[meginstraumur]
n,[meðlag]
n,[meirihluti]
n,[lögráða]
n
n,[maður]
n,[maður]
n,[stjórnun]
n,[framkvæmdastjóri]
n,[fas]
n,[handbók]
n,[framleiðsla
n
n,[handrit]
n,[kort]
n
n
n
n
n,[kröfuganga]
n
n,[spássía]
n,[auðkenni]
n,[einkunn]
n,[markaður]
n,[markaðssetning]
n,[brúðkaup]
n,[hjónaband]
n,[Mars
n,[fen]
n
n,[massi]
n,[meistari]
n,[eldspýta]
n,[keppni]
n,[jafnoki]
n,[ráðahagur]
n,[efni]
n,[hlutir]
n,[stærðfræði]
n
n,[efni]
n,[hámark]
n
n,[völundarhús]
n,[engi]
n,[máltíð]
n,[merking]
n,[leið
n,[mál]
n,[kjöt]
n,[vél]
n,[orða]
n,[læknisfræði]
n,[lyf]
n
n,[miðill]
n,[meðalvegur]
n,[fundur]
n,[hittingur]
n,[meðlimur]
n
n
n,[minnisvarði]
n
n
n,[minni]
n
n
n
n,[kaupmaður]
n,[miskunn]
n,[verðleikar]
n,[skilaboð]
n
n,[aðferð]
n
n
n,[miðbik]
n,[miðnætti]
n,[flutningar]
n
n,[mjólk]
n,[mylla]
n,[hugur]
n,[hugsuður]
n,[jarðsprengja]
n
n
n,[steinefni]
n
n,[prestur]
n
n,[ráðuneyti]
n
n
n,[kraftaverk]
n,[spegill]
n,[fósturlát]
n,[vesöld]
n,[flugskeyti]
n,[mistur]
n,[blanda]
n,[líkan]
n,[líkan]
n,[fyrirsæta]
n
n,[fyrirsæta]
n,[eining]
n
n,[fæðingarblettur]
n
n,[sameind]
n,[augnablik]
n
n,[einvaldur]
n,[konungsveldi]
n,[klaustur]
n,[peningur]
n,[fé
n,[munkur]
n,[api]
n,[einokun]
n,[skrímsli]
n
n,[skap]
n,[tungl]
n,[baráttuhugur]
n
n,[morgunn]
n,[dögun]
n,[biti]
n,[veð]
n,[mósaík]
n,[moska]
n,[moskító]
n,[móðir]
n,[mótíf]
n,[hvöt]
n,[hvöt]
n,[ökumaður]
n,[þjóðvegur]
n,[mygla]
n,[fjall]
n,[sorg]
n,[mús]
n,[mús]
n,[munnur]
n,[flutningur]
n
n,[færsla]
n,[krossferð]
n,[hreyfing]
n,[leðja]
n,[kanna]
n
n,[morð]
n
n
n,[sveppur]
n,[tónlist]
n,[tónlistarmaður]
n,[stökkbreyting]
n,[goðsögn]
n,[nagli]
n
n,[nafn]
n,[orðstír]
n,[föðurlandsást]
n,[föðurlandsvinur]
n
n,[eðli]
n,[náttúra]
n,[náttúran]
n,[dökkblár]
n,[sjóher]
n,[háls]
n,[þörf]
n,[nauð]
n,[nál]
n
n,[vanhirða]
n,[hirðuleysi]
n,[samningar]
n,[nágranni]
n,[nágrenni]
n
n
n,[hreiður]
n,[netið]
n,[netið]
n,[net
n,[net]
n,[byrjandi]
n,[fréttir]
n
n,[fréttir]
n,[nótt]
n,[martröð]
n,[punktur]
n,[óregla]
n,[hljóð
n,[tilnefning]
n,[vitleysa]
n,[staðall]
n,[norður]
n,[nef]
n,[athugasemd]
n,[miði]
n
n,[peningaseðill]
n,[fartölva]
n,[minnisbók]
n,[tilkynning]
n,[fyrirvari]
n,[skoðun]
n
n,[skáldsaga]
n,[fjöldi]
n,[tala]
n,[númer]
n,[nunna]
n,[hjúkrunarkona]
n
n,[barnaherbergi]
n,[rugludallur]
n,[hneta]
n,[eik]
n,[hlutur]
n,[markmið]
n,[mótmæli]
n,[skylda]
n,[eftirtekt]
n,[áhorfandi]
n,[þröskuldur]
n,[tækifæri]
n,[herseta]
n,[haf]
n,[sókn]
n,[lögbrot]
n,[móðgun]
n,[lögbrjótur]
n,[tilboð]
n
n,[lögreglumaður]
n,[embættismaður]
n,[afkvæmi]
n,[olía]
n
n,[yfirsjón]
n
n,[ópera]
n,[aðgerð]
n,[framkvæmd]
n,[starfsemi]
n,[athöfn
n,[skoðun]
n,[dómsatkvæði]
n,[andstæðingur]
n,[andstæður]
n,[viðstaða]
n
n,[andstæðingur]
n,[bjartsýni]
n
n
n,[appelsína]
n,[braut]
n,[hljómsveit]
n,[úrskurður]
n,[pöntun]
n,[regla]
n,[orgel]
n
n,[samtök]
n,[afstaða]
n,[uppruni]
n,[búningur]
n,[útsölustaður]
n,[innstunga]
n,[innstunga]
n,[útdráttur]
n,[útlína]
n,[útlit]
n,[útkoma]
n,[úthlið]
n,[ofn]
n
n,[samantekt]
n
n
n,[eignarréttur]
n,[súrefni]
n,[gangur]
n,[baggi]
n,[flokkur]
n,[pakki]
n,[pakki]
n,[blaðsíða]
n,[sársauki]
n,[sársauki]
n,[plága]
n,[málning]
n,[málari]
n,[par]
n,[höll]
n,[pálmatré]
n,[simpansi]
n
n,[panill]
n
n,[ofsahræðsla]
n,[grein]
n,[ritgerð]
n,[dagblað]
n,[pappír]
n,[pappír]
n,[skrúðganga]
n,[þverstæða]
n
n,[hliðstæða]
n
n,[náðun]
n
n,[garður]
n,[bílstæði]
n
n,[partur]
n,[þátttakandi]
n,[eind]
n,[maki]
n,[félagi]
n,[félag
n,[partí]
n,[flokkur]
n
n,[aðgönguheimild]
n,[leið]
n,[klausa]
n
n,[ástríða]
n,[vegabréf]
n,[lykilorð]
n,[fortíð]
n,[pastel]
n,[hagi]
n,[leppur]
n,[sárabindi]
n,[blettur]
n,[einkaleyfi]
n,[leið]
n,[þolinmæði]
n,[sjúklingur]
n,[vörður]
n,[munstur]
n,[pása]
n,[gangstétt]
n,[greiðsla]
n,[friðsæld]
n,[friður]
n,[toppur]
n,[jarðhneta]
n,[smábóndi]
n,[fótgangandi
n,[penni]
n,[stía]
n,[hegning]
n,[blýantur]
n
n,[eftirlaun]
n,[lífeyrisþegi]
n,[fólk]
n
n,[prósenta]
n,[skynjun]
n,[framganga]
n,[flutningur]
n,[flytjandi]
n
n,[tími]
n,[tímabil]
n,[tímabil]
n,[leyfi]
n,[manneskja]
n,[persónuleiki]
n,[plága]
n
n,[fyrirbæri]
n,[heimspekingur]
n,[heimspeki
n,[grundvallarviðhorf]
n,[ljósmynd]
n,[ljósmyndari]
n
n
n,[píanó]
n
n,[mynd]
n,[kvikmynd]
n
n,[bútur]
n,[stykki]
n,[brúarstöpull]
n,[svín]
n,[svín]
n,[lögregla]
n,[svín]
n
n,[haugur]
n,[pillan]
n,[koddi]
n
n
n,[frumkvöðull]
n,[pípa]
n,[pyttur]
n,[hola]
n
n,[halli]
n,[ræða]
n,[vorkunn]
n,[staður]
n,[sæti]
n,[ákærandi]
n,[plan]
n
n,[pláneta]
n,[planta]
n,[verksmiðja]
n
n,[plast]
n,[diskur]
n,[pallur]
n,[leikur]
n,[leikrit]
n,[leikari]
n,[þátttakandi]
n,[ánægja]
n,[ráðabrugg]
n,[atburðarás]
n,[uppdráttur]
n,[lungnabólga]
n
n,[ljóð]
n,[ljóðlist]
n,[atriði]
n,[oddur]
n,[punktur]
n,[eitur]
n,[stöng]
n,[póll]
n,[regla]
n,[stjórnmálamaður]
n,[stjórnmál
n,[kosningar]
n,[skoðanakönnun
n,[mengun]
n
n,[pollur]
n,[dægurtónlist]
n,[gosdrykkur]
n,[pabbi]
n,[íbúar]
n
n,[skammtur]
n,[andlitsmynd]
n
n,[staða
n,[staða]
n,[eign]
n,[möguleiki]
n,[póstur]
n,[staur]
n,[póstkort]
n,[pottur]
n,[pottur]
n,[kartafla]
n,[möguleiki]
n
n
n
n,[púður]
n,[vald]
n,[kraftur]
n,[vani]
n,[æfing]
n,[hól]
n,[bæn]
n,[fordæmi]
n,[nákvæmni]
n,[rándýr]
n,[forveri]
n
n,[fordómar]
n,[iðgjald]
n
n,[undirbúningur]
n,[lyfseðilsskyld
n,[lyfseðill]
n,[framkoma]
n,[viðvera]
n,[gjöf]
n,[nútíð]
n,[kynning]
n,[geymd]
n
n,[forseti]
n,[formaður]
n,[blaðamannastéttin]
n,[blaðamenn]
n,[þrýstingur]
n,[þrýstingur]
n,[þrýstingur]
n,[virðing]
n,[tíðni]
n,[bráð]
n,[verð]
n,[verð]
n,[stolt]
n
n,[prins]
n,[prinsessa]
n,[frumatriði]
n,[prent]
n
n,[forgangur]
n,[fangelsi]
n,[fangi]
n,[næði]
n,[forréttindi]
n,[verðlaun]
n,[ránsfé]
n,[líkur]
n,[vandi]
n,[viðfangsefni]
n,[aðferð]
n,[aðferð]
n,[uppskera]
n
n,[afurð]
n
n,[afurð]
n,[framleiðsla]
n,[uppfærsla]
n,[framleiðsluvara]
n,[starf]
n,[atvinnumaður]
n,[prófessor]
n,[vangasvipur]
n,[arður]
n,[áætlun]
n
n,[þáttur]
n
n,[framfarir]
n,[verkefni]
n,[spá]
n,[varp]
n,[loforð
n
n,[kynning]
n,[sönnun]
n,[sönnun]
n,[áróður]
n,[eiginleiki]
n,[eign]
n,[umfang]
n,[hlutfall]
n,[tillaga]
n,[bónorð]
n,[fullyrðing]
n,[lögsókn]
n,[útlit]
n,[velmegun]
n,[vernd]
n,[skjól]
n,[prótín]
n,[mótmæli]
n,[vistir]
n
n,[sálfræði
n,[bar]
n,[almenningur]
n,[útgáfa]
n,[ritverk]
n
n,[útgefandi]
n,[búðingur]
n,[pumpa]
n
n,[hnefahögg]
n,[bolla]
n,[sjáaldur]
n,[nemandi]
n,[tilgangur]
n,[áhugamál]
n,[eftirför]
n,[ráðgáta]
n,[píramíti]
n
n
n,[magn]
n,[hverfi]
n,[25
n,[fjórðungur]
n,[fjórðungur]
n,[drottning]
n,[leit]
n,[spurning]
n
n,[röð]
n,[kvóti]
n,[tilvitnun]
n
n
n
n,[kynþáttur]
n,[rasismi]
n
n,[geislun]
n,[geislunarveiki]
n
n
n,[útvarp]
n,[bræði]
n,[skyndiáhlaup]
n,[járnbrautarvagn]
n,[járnbraut]
n,[járnbrautarteinar]
n,[regn]
n,[regnbogi]
n,[fjöldafundur]
n
n,[umfang]
n,[hagi]
n,[fjallgarður]
n,[staða]
n,[rotta]
n
n,[hraði]
n
n,[gagnverkun]
n,[svörun]
n,[hvörf]
n,[kjarnakljúfur]
n
n,[ekki
n,[raunsæi]
n,[raunveruleiki]
n,[ástæða]
n,[dómgreind]
n
n,[uppreisn
n,[kvittun]
n
n,[boð]
n,[samdráttur]
n
n,[meðmæli]
n
n,[sakaskrá]
n,[skrásetning]
n,[skrá
n,[upptaka]
n,[endurheimt]
n,[bati]
n,[afþreying]
n,[rauður
n,[fækkun]
n,[ofgnótt]
n,[dómari]
n,[tilvísun]
n,[viðmiðun]
n,[tilvísun]
n,[endurspeglun]
n,[úrbót]
n,[flóttamaður]
n,[synjun]
n,[augnaráð]
n,[svæði]
n,[búðarkassi]
n,[skrá]
n,[skráning]
n,[söknuður]
n,[reglugerð]
n
n,[endurreisn]
n
n,[stjórnartíð]
n,[höfnun]
n,[ættingi]
n,[samband]
n,[afslöppun]
n
n,[gildi]
n,[traust]
n,[léttir]
n,[tregða]
n,[athugasemd]
n,[ráð
n,[leiga]
n,[endurtekning]
n,[afleysning]
n,[frásögn]
n,[skýrsla]
n,[fréttamaður]
n,[umboðsmaður]
n,[þingmaður]
n,[eftirmyndun]
n
n
n,[mannorð]
n,[beiðni]
n,[nauðsynlegar
n,[rannsókn]
n,[rannsóknamaður]
n,[fámælgi]
n,[birgðir]
n,[uppistöðuvatn]
n,[heimili]
n,[íbúi]
n,[afsögn]
n,[uppgjöf]
n,[ásetningur]
n,[ferðamannastaður]
n,[bolmagn]
n,[svar]
n,[viðbrögð]
n,[skyldur]
n,[stoð]
n,[afgangur]
n,[hvíld]
n,[veitingastaður]
n,[endurreisn]
n,[hemill]
n,[takmörkun]
n,[úrslit]
n,[smásali]
n
n,[athvarf]
n,[afturhvarf]
n,[endurkoma]
n,[endurreisn]
n,[skattframtal]
n
n,[umskipti]
n,[upprifjun]
n,[útdráttur]
n,[gagnrýni]
n
n
n,[bylting]
n,[snúningur]
n,[umbun]
n,[ræðulist]
n,[taktur]
n,[rif]
n,[borði]
n,[hrísgrjón]
n,[reiðmaður]
n,[kambur]
n,[riffill]
n,[hægri
n
n
n,[hringur]
n,[hringur]
n
n,[uppþot]
n,[kynsvall]
n,[brekka]
n,[hækkun]
n,[áhætta]
n,[helgisiður]
n,[á
n,[vegur]
n,[rán]
n,[gripdeildir]
n,[vélmenni]
n,[rokk]
n,[eldflaug]
n,[hlutverk]
n,[hlutverk]
n,[rúlla]
n,[skrá]
n,[sláttur]
n,[rúnnstykki]
n,[þak]
n,[herbergi]
n,[forfaðir]
n,[rót
n,[reipi]
n
n,[snúningur]
n,[rim]
n,[leið]
n,[vinnubrögð]
n,[rifrildi]
n,[röð]
n,[kóngafólk]
n
n,[rusl]
n
n,[rúst]
n,[glötun]
n,[reglustika]
n,[regla]
n,[venja]
n,[lögmál]
n
n
n,[stjórn
n,[stjórnartíð]
n,[orðrómur]
n,[hlaupari]
n,[flýtir]
n,[fórn]
n,[tap]
n,[öryggi]
n
n,[sjóliði]
n
n,[útsala]
n,[sala
n,[lax]
n
n
n,[sáluhjálp]
n,[sýnishorn]
n,[griðarstaður]
n
n,[sandali]
n,[gervihnöttur]
n
n
n,[pylsa]
n
n,[vigt]
n,[vog]
n,[hneyksli]
n,[atburðarás]
n,[atriði]
n,[atriði]
n,[sviðsmynd]
n,[læti]
n,[áætlun]
n,[ráðabrugg]
n,[fræðimaður]
n,[fræðimaður]
n,[námsstyrkur]
n,[skóli]
n,[skóli]
n,[vísindi]
n,[vísindamaður]
n,[óvild]
n
n,[smástykki]
n,[skermur]
n,[sigti]
n,[skjár]
n,[skrúfa]
n,[skrifletur]
n,[höggmynd]
n,[sjór]
n,[selur]
n,[innsigli]
n,[leit]
n,[árstíð]
n,[sæti]
n,[rass]
n,[annar]
n
n,[leyndardómur]
n,[leyndarmál]
n,[ritari]
n,[seyti]
n,[hluti]
n,[geiri]
n,[öryggi]
n
n,[fræ
n,[útdráttur]
n,[val]
n
n,[sjálf]
n,[sali]
n,[námskeið]
n
n,[æsifregn]
n,[skyn]
n,[hyggjuvit]
n,[merking]
n,[viðkvæmni]
n,[dómur]
n
n,[tilfinning]
n,[aðskilnaður]
n,[runa]
n,[ritröð]
n,[röð]
n,[þjónn]
n,[þjónn]
n,[þjónusta]
n,[þjónusta]
n
n,[þjónusta]
n,[fundur]
n
n,[leikmynd]
n
n,[uppgjör]
n,[byggð]
n,[kyn]
n,[litbrigði]
n,[skuggi]
n,[skaft]
n
n
n,[skömm]
n,[smán]
n,[partur]
n,[hlutur]
n
n,[hákarl]
n,[kind]
n,[lak]
n,[segl]
n,[örk]
n
n
n,[skothylki]
n,[skurn]
n,[skel]
n,[skýli]
n,[skjöldur]
n,[tilfærsla]
n
n
n,[stuð]
n,[áfall]
n,[skór]
n,[skeifa]
n,[búð]
n,[verkstæði]
n,[verslun]
n,[skammhlaup]
n,[skortur]
n
n,[skot
n
n
n,[öxl]
n,[sýning]
n,[sturta]
n,[skúrir]
n,[klígja]
n,[afstaða]
n,[hlið]
n,[halli]
n,[umsátur]
n,[sjón]
n,[skilti]
n
n,[tákn]
n,[merki
n,[fyrirboði]
n,[stjörnumerki]
n,[undirskrift]
n,[þögn]
n,[þögli]
n
n,[borðbúnaður]
n,[silfurlitað]
n,[silfur
n
n,[einfaldleiki]
n,[synd]
n,[söngvari]
n,[vaskur]
n
n
n,[lóð]
n,[staða]
n,[stærð]
n,[teikning]
n,[skíði]
n,[hæfleiki]
n,[húð]
n,[húð]
n,[flus]
n
n,[höfuðkúpa]
n,[himinn]
n,[hella]
n,[þræll]
n,[svefn]
n
n,[sneið]
n,[renna]
n
n,[slím]
n,[hrösun]
n,[vígorð]
n,[rauf]
n,[bil]
n,[lykt]
n,[lyktarskyn]
n
n,[reykur]
n
n,[snákur]
n,[snjór]
n
n,[fótbolti]
n
n,[þjóðfélagsfræði]
n,[sokkur]
n,[natrín]
n
n,[land]
n,[mold]
n,[hermaður]
n,[samstaða]
n,[einsöngur]
n,[lausn]
n
n
n,[sál]
n,[hljóð]
n,[súpa]
n,[heimild
n,[uppruni]
n,[heimildamaður]
n,[Suðurríkin]
n,[suður]
n,[eyða]
n,[bil]
n
n,[ræðumaður]
n,[sérfræðingur]
n,[tegund]
n,[sýni
n
n,[ræða]
n,[mál]
n,[málfar]
n
n,[hraði]
n,[álög]
n,[leiðsla]
n,[áhrifasvæði]
n,[hnöttur]
n,[kónguló]
n
n,[þyrnir]
n,[meining]
n,[draugur]
n,[hugarfar]
n,[heift]
n,[klofningur]
n,[sprunga]
n,[talsmaður]
n,[skeið]
n,[íþrótt]
n,[blettur]
n,[sprey]
n,[búgarður]
n,[viðbit]
n,[veisla]
n,[gormur]
n,[brunnur]
n,[vor]
n,[njósnari]
n
n,[torg]
n,[ferningur]
n
n,[stöng]
n,[starfslið]
n,[svið]
n,[þrep]
n,[stigagangur]
n,[áhættufé]
n,[bás]
n
n,[sölubás]
n,[afstaða]
n,[staðall]
n,[stjarna]
n,[stjarna]
n,[stjarna]
n
n,[byrjun]
n,[ríki]
n,[staða]
n,[reiknisyfirlit]
n,[staðhæfing]
n,[stöð]
n,[tölfræði]
n,[stytta]
n,[steik]
n,[gufa]
n,[stál]
n,[stofn]
n,[skref]
n,[stigi]
n,[skref]
n,[stig]
n,[flugþjónn]
n,[prik]
n,[stýripinni]
n,[örvun]
n,[spor]
n,[búpeningur]
n,[lager]
n
n,[magi]
n,[steinn]
n
n,[gimsteinn]
n,[kollur]
n,[viðkoma]
n,[geymsla]
n,[stormur]
n,[lygasaga]
n,[saga]
n,[reim]
n
n,[strá]
n
n,[straumur]
n,[stræti]
n,[styrkur]
n,[styrkur]
n,[streita]
n,[verkfall]
n,[árás]
n,[högg]
n,[strengur]
n
n,[lengja]
n,[slag]
n,[formgerð]
n,[barátta]
n,[nemandi]
n,[vinnustofa]
n,[lesstofa]
n,[nám]
n,[rannsókn]
n,[stíll]
n,[stíll]
n
n,[efni]
n,[tilraunaviðfang]
n,[efni]
n
n,[velgengni]
n,[þjáning]
n
n,[tillaga]
n
n,[jakkaföt]
n,[biðlun]
n
n
n,[summa]
n,[ágrip]
n,[sumar]
n
n,[sól]
n,[sólskin]
n,[sunnudagur]
n,[sólarupprás]
n,[sólskin]
n,[umsjónarmaður]
n,[kjörbúð]
n,[umsjónarmaður]
n,[forði]
n,[stuðningur]
n
n,[stoð]
n,[framfærsla]
n,[yfirborð]
n,[skurðlæknir]
n,[skurðaðgerð]
n,[undrun]
n
n,[þrautsægja]
n,[eftirlifandi]
n,[eftirlifandi]
n
n,[tortryggni]
n,[grunsemd]
n,[sviti]
n,[peysa]
n,[sætindi]
n,[sveifla]
n
n,[rofi]
n,[sverð]
n
n,[tákn]
n,[samhverfa]
n,[einkenni]
n
n,[kerfi]
n,[bolur]
n
n,[tafla]
n,[tafla]
n,[taktík]
n,[skott]
n
n,[tal]
n,[ræða]
n,[tankur]
n,[hlerun]
n,[krani]
n
n,[segulbandsspóla]
n
n,[mark]
n
n,[smekkur]
n,[skattur]
n,[leigubíll]
n,[skattgreiðandi]
n
n,[kennari]
n,[lið]
n
n,[tækni]
n
n,[táningur]
n,[sími]
n
n,[sjónvarp]
n,[hitastig]
n,[musteri]
n,[gagnauga]
n,[freisting]
n,[leigjandi]
n,[tilhneiging]
n
n,[spenna]
n,[spenna]
n
n,[heiti]
n
n,[verönd]
n,[hryðjuverkamaður]
n,[próf]
n
n,[texti]
n,[bók]
n,[áferð]
n,[þakkir]
n
n,[þjófnaður]
n,[þema]
n,[stef]
n
n
n,[kenning]
n,[græðari]
n,[meðferð]
n
n
n,[hugsuður]
n,[hugsun]
n,[þráður]
n,[hótun]
n,[þröskuldur]
n,[brún]
n,[háls]
n,[hásæti]
n,[þumall]
n
n,[aðgöngumiði]
n,[sjávarföll]
n,[bindi]
n
n,[tígrisdýr]
n
n,[timbur]
n
n
n,[dós]
n
n,[ábending]
n,[oddur]
n,[þjórfé]
n,[vefur]
n
n,[tilkall]
n,[titill]
n,[titill]
n,[eignarréttur]
n,[titill]
n,[ristað
n
n,[tollur]
n,[tómatur]
n
n,[tónn]
n
n,[tunga]
n,[áhald]
n,[tönn]
n
n
n,[skopparakringla]
n
n,[toppur]
n
n
n,[pynting]
n,[snerting]
n,[ferðamannaiðnaður]
n,[ferðamaður]
n,[mót]
n,[handklæði]
n
n,[bær]
n,[leikfang]
n,[spor]
n,[gróp]
n,[skeiðvöllur]
n,[braut]
n,[bæklingur]
n,[iðn]
n,[samningur]
n,[skipti]
n,[hefð]
n,[viðskipti]
n,[umferð]
n,[harmleikur]
n
n,[þjálfari]
n,[æfing]
n,[eðlisþáttur]
n,[framkvæmd]
n,[tilflutningur]
n,[millifærsla]
n,[gír]
n,[flutningur]
n,[ofsagleði]
n,[gildra]
n,[bakki]
n,[fjársjóður]
n,[gjaldkeri]
n
n,[meðhöndlun]
n,[umræða]
n,[sáttmáli]
n,[tré]
n,[skurður]
n,[tilhneiging]
n,[réttarhald]
n,[andstreymi]
n,[þríhliða]
n,[ættflokkur]
n,[virðingarvottur]
n,[bragð]
n,[hrekkur]
n
n,[herlið]
n,[vandræði]
n,[áhyggjur]
n,[buxur]
n,[vörubíll]
n,[skott]
n,[fjárhald]
n,[traust]
n,[fjárhaldsmaður]
n,[sannleikur]
n,[sannleikur]
n
n,[pípa]
n,[æxli]
n,[lag]
n,[göng]
n
n,[beygja]
n
n,[flétta]
n,[rykkur]
n,[viðskiptajöfur]
n,[dekk]
n
n
n,[óvissa]
n
n,[skilningur]
n
n
n,[stéttarfélag]
n,[hjónaband]
n,[eining]
n,[heillindi]
n,[háskóli]
n,[ókyrrð]
n,[hvöt]
n,[aðköllun]
n,[þvag]
n,[venja]
n,[notkun]
n,[neysla]
n,[notandi]
n,[neytandi]
n
n,[tóm
n,[dalur]
n,[verðgildi]
n
n,[verðgildi]
n
n
n,[breytileiki]
n,[afbrigði]
n,[óstöðugleiki]
n,[fjölbreytni]
n,[tankur]
n,[vigur]
n,[grænmeti]
n
n,[gróður]
n,[farartæki]
n,[blæja]
n,[æð]
n,[flauel]
n,[hættuspil]
n,[Venus]
n,[dómur]
n
n
n,[skip]
n,[ker]
n,[fyrrum
n,[fórnarlamb]
n,[sigur]
n,[myndband]
n,[sýn]
n,[viðhorf]
n,[skoðun]
n
n,[þorp]
n,[þorpsbúi]
n,[brot]
n,[jómfrú]
n,[dyggð]
n,[veira]
n,[tölvuvírus]
n,[sýn]
n,[heimsókn]
n,[gestur]
n,[vítamín]
n,[rödd]
n,[málsvari]
n,[eldfjall]
n
n,[bindi]
n,[rúmtak]
n
n
n,[kosningaréttur]
n
n
n,[sigling]
n,[laun]
n,[vagn]
n,[mitti]
n,[vaka]
n,[veggur]
n,[stríð]
n
n,[borgarumdæmi]
n
n,[fatnaður]
n,[viðvörun]
n,[heymild]
n,[stríðsmaður]
n,[sóun]
n,[úrgangur]
n,[úr]
n,[vakt]
n,[vatn]
n
n,[alda]
n,[máti]
n,[leið]
n,[vanmáttur]
n,[veikleiki]
n,[auður]
n,[vopn]
n,[veður]
n,[brúðkaup]
n,[arfi]
n
n
n
n
n,[þyngd]
n,[móttaka]
n,[almannatryggingar]
n,[velferð]
n,[brunnur]
n
n,[vestur]
n,[hvalur]
n
n
n,[hjól]
n,[svipa]
n
n,[eggjahvíta]
n,[ekkja]
n,[breidd]
n,[eiginkona]
n,[óbyggð]
n
n,[vilji]
n
n,[viljakraftur]
n,[vinningur]
n,[vindur]
n,[gluggi]
n,[vín]
n
n
n,[sigurvegari]
n
n,[vír]
n,[norn]
n
n,[áhugaleysi]
n,[vitni]
n
n,[úlfur]
n,[kona]
n,[undur]
n,[viður]
n,[ull]
n
n,[loforð]
n,[orðalag]
n,[vinna]
n,[vinna]
n,[verk]
n,[starfsmaður]
n,[smiðja]
n,[tilvera]
n,[alþjóð]
n,[jörð]
n,[alheimur]
n,[ormur]
n,[snákur]
n,[virði]
n,[sár]
n,[flak]
n,[úlnliður]
n,[rithöfundur]
n,[röntgengeisli]
n,[snekkja]
n,[lóð]
n
n,[ár]
n,[æska]
n,[unglingsár]
n
n,[svæði]
v,[yfirgefa]
v,[útrýma]
v,[stytta]
v,[taka
v,[sætta
v,[fylgja]
v,[virkja]
v,[leggja
v,[aðlaga]
v,[dá]
v,[viðurkenna]
v,[heimila
v
v,[taka
v,[sækja
v,[hafa
v,[gera
v,[hafa
v,[eldast]
v,[samþykkja]
v,[passa
v,[leyfa]
v,[aflima]
v,[skemmta]
v,[svara]
v,[biðjast
v,[áfrýja]
v,[birtast]
v,[klappa
v,[útnefna]
v,[meta]
v,[nálgast]
v,[staðfesta]
v,[raða]
v,[raða]
v,[handtaka]
v,[bera
v,[ganga
v,[spyrja]
v,[ætlast
v,[telja
v,[gera
v,[ráðast
v,[laða
v,[veita
v,[forðast]
v,[styðja]
v,[baka]
v,[koma
v,[útskúfa]
v,[gera
v,[semja]
v,[gelta]
v,[bera
v,[sigra]
v,[lemja]
v
v,[lemja]
v,[sigra]
v,[verða]
v,[betla]
v,[byrja]
v,[hegða
v,[hálshöggva]
v,[tilheyra]
v,[beygja]
v,[hneigja
v,[veðja]
v,[svíkja]
v,[binda]
v,[tengjast]
v,[bíta]
v,[kenna
v,[ásaka]
v,[gjalla]
v,[blæða]
v,[blessa]
v,[hindra]
v,[eyða]
v,[stíga
v,[sjóða]
v,[sprengja]
v,[fá
v,[trufla]
v,[hossa]
v,[hneigja
v,[gorta]
v,[brjóta]
v,[afhjúpa]
v,[gera
v,[slíta]
v,[brjótast
v,[anda]
v,[rækta]
v,[koma
v,[gefa
v,[bursta]
v,[koma
v,[svíða]
v,[brenna]
v,[slíta]
v,[grafa
v,[kaupa]
v,[hringja]
v,[kalla]
v,[kalla
v,[kalla]
v,[segja
v,[róa]
v,[aflýsa]
v,[heilla]
v,[fanga]
v,[kæra
v,[bera]
v,[skera]
v,[varpa]
v,[skipa
v,[grípa]
v,[ná
v,[sjá
v,[rengja]
v,[breyta]
v,[skipta]
v,[hlaða]
v,[ákæra
v,[færa
v,[rukka]
v,[elta
v,[merkja
v,[athuga]
v,[tyggja]
v,[vera
v,[kyrkja]
v,[velja]
v,[brytja]
v,[staðhæfa]
v,[skýra]
v,[lýsa
v,[hreinsa]
v
v,[klifra]
v,[loka]
v,[ljúka]
v,[vera
v,[hníga
v,[safna]
v,[sameina]
v,[hugga]
v,[bera
v,[umbuna]
v,[keppa
v,[kvarta]
v,[fara
v,[viðurkenna]
v,[verða
v,[einbeita
v,[fangelsa]
v,[mæta]
v,[óska
v,[íhuga]
v,[sameina]
v,[setja
v,[innihalda]
v,[stjórna]
v,[skipa
v,[snúast
v,[sakfella]
v,[sannfæra]
v,[falsa]
v,[vinna
v,[bjarga
v,[herma
v,[endurgera]
v,[skrifast
v,[hósta]
v,[telja]
v,[höndla]
v,[loka]
v,[hrynja]
v,[brjóta]
v,[fleygja]
v,[brotlenda]
v,[skapa]
v,[skríða]
v,[skríða
v,[stýfa]
v,[bita]
v,[fara
v,[sitja
v,[gráta]
v,[rækta]
v,[krulla]
v,[minnka]
v,[kljúfa]
v,[blóta]
v,[dansa]
v,[þora]
v,[rökræða]
v,[koma
v,[ákveða]
v
v,[hnigna]
v,[draga
v
v,[verja]
v,[skilgreina]
v,[seinka]
v,[seinka]
v,[eyða]
v,[afhenda]
v,[vísa
v,[bjarga
v,[krefjast]
v,[rífa]
v
v,[fordæma]
v,[neita]
v,[neita]
v,[fara
v,[ráðast
v,[fyrirmuna]
v,[lýsa]
v,[yfirgefa]
v,[eiga
v,[fyrirlíta]
v,[hindra]
v,[hraka]
v,[færa
v,[þjálfa]
v,[þróa]
v,[rísa]
v,[helga
v,[lesa
v,[bila]
v,[deyja]
v,[greina
v,[vera
v,[grafa]
v,[hola]
v,[meykja]
v,[borða]
v,[halla]
v,[vísa
v,[leikstýra]
v,[hverfa]
v,[valda
v,[letja]
v,[uppgötva]
v,[ræða]
v,[dulbúast]
v,[mislíka]
v,[reka]
v,[sýna]
v,[rífast]
v,[þýða]
v,[falsa]
v,[útbýta]
v,[stinga
v,[skipta
v,[skilja]
v,[skrásetja]
v,[ríkja]
v,[láta
v,[tvöfalda]
v,[efast
v,[draga
v,[dragast
v,[ræsa
v,[gera
v,[draga]
v,[draga
v,[teikna]
v,[draga
v,[klæða]
v,[drekka]
v,[keyra]
v,[hraka]
v,[drjúpa]
v,[sleppa]
v
v,[gefa
v,[losa
v,[losa
v,[borða]
v,[hlera]
v,[velja]
v,[kjósa]
v,[losa
v,[hefja]
v,[ráða
v,[hvetja]
v,[bera]
v,[auka]
v,[stækka]
v,[tryggja]
v,[koma
v,[ganga
v,[skemmta]
v,[sleppa]
v,[stofna]
v,[ýkja]
v,[fara
v,[undanskilja]
v,[reka]
v,[fyrirgefa]
v,[taka
v,[sýna]
v,[blómstra]
v,[fjölyrða
v,[þenja
v,[búast
v,[gera
v,[útskýra]
v,[sprengja]
v
v,[notafæra
v,[flytja
v,[fletta
v,[víkka]
v,[mæta]
v,[fölna]
v,[bregðast]
v,[líða
v,[dvína]
v,[falla]
v
v,[hrífa]
v
v,[óttast]
v,[líða
v,[berjast]
v,[fylla]
v,[kvikmynda]
v,[finna]
v,[endurheimta]
v,[klára]
v,[skjóta]
v,[búa
v,[laga
v,[laga]
v,[blikka]
v,[þeyta]
v,[splæsa
v,[flæða]
v,[blómstra]
v,[roðna]
v,[sturta]
v,[fljúga]
v,[brjóta
v,[elta]
v,[fylgja]
v,[koma
v,[slæpast]
v,[banna]
v,[neyða]
v,[þvinga]
v
v,[gleyma]
v,[móta]
v,[skipuleggja]
v,[orða]
v,[fóstra]
v,[koma
v,[ramma]
v,[leysa
v,[frjósa]
v,[frysta]
v,[hræða]
v,[fjármagna]
v,[græða]
v,[mása]
v,[stara]
v,[framleiða]
v,[fá]
v,[mata]
v,[gefa
v,[gefa]
v,[gefa
v,[gefa
v,[rétta]
v,[kíkja]
v,[stara
v,[líða]
v,[glóa]
v,[deyja]
v,[fara
v,[útskrifast]
v,[heilsa]
v,[skælbrosa]
v,[mala]
v,[andvarpa]
v,[vaxa]
v,[gæta]
v,[geta]
v,[hindra]
v,[hengja]
v,[gerast]
v,[meiða]
v,[hata]
v,[draga]
v,[ásækja]
v,[hafa]
v,[lækna]
v
v,[hjálpa]
v,[hika]
v
v,[fela]
v,[fela
v,[fara
v,[slá]
v,[rekast
v,[verja]
v,[styðja]
v,[taka
v,[halda
v
v,[taka
v,[voka]
v,[móðga]
v,[meiða]
v
v,[bera
v,[hunsa]
v,[vísa
v,[skýra
v,[ímynda
v,[flytja
v,[koma
v,[bæta]
v,[telja
v,[taka
v,[aukast]
v,[leyfa
v,[smita]
v,[blása
v,[erfa]
v,[sprauta]
v,[meiða]
v,[setja
v,[heimta]
v,[fylla
v,[setja
v
v,[tryggja]
v,[magna]
v,[þýða]
v,[trufla]
v,[kynna]
v,[kynna]
v,[kynna]
v,[bjóða]
v,[fangelsa]
v,[vipra]
v,[grínast]
v,[sleppa
v,[hoppa]
v,[stökkva
v,[réttlæta]
v,[halda
v,[viðhalda]
v,[halda]
v
v,[sparka]
v,[drepa]
v,[kyssa]
v,[hnoða]
v,[krjúpa]
v,[prjóna]
v,[banka]
v,[þekkja]
v,[vita]
v,[kunna]
v,[lenda]
v,[endast]
v,[hlæja]
v,[hleypa
v,[leggja]
v,[leiða]
v,[leiða]
v,[leka]
v,[hallast]
v,[læra]
v,[kenna]
v,[skilja
v,[fara]
v,[ánafna]
v,[lána]
v,[leigja]
v,[rífa
v,[heimila]
v,[sleikja]
v,[ljúga]
v,[liggja]
v,[afturkalla]
v,[stela
v,[lýsa]
v,[kveikja]
v,[líka
v,[takmarka]
v,[hanga]
v,[tengja]
v,[telja
v,[hlusta]
v,[hlaða]
v,[staðsetja]
v,[læsa]
v
v,[þrá]
v,[virðast]
v,[leita]
v,[tapa]
v,[týna]
v,[elska]
v,[njóta]
v,[hleypa
v,[búa
v,[elda]
v,[þéna]
v,[stjórna]
v,[takast]
v,[búa
v,[ganga]
v
v,[ná
v,[passa
v,[skipta
v,[merkja]
v
v,[meta]
v,[safnast
v,[hitta]
v,[nefna]
v,[standa
v,[gera
v,[blekkja]
v,[sakna]
v,[mistakast]
v,[skorta]
v,[missa
v,[blanda]
v,[líkja
v,[hreyfa
v,[hreyfa
v,[færa
v,[flytja
v
v,[muldra]
v,[blunda]
v
v,[kinka
v,[tilnefna]
v,[taka
v,[hlýða]
v,[mótmæla]
v,[gera
v,[fá]
v,[leggja
v,[móðga]
v,[bjóða]
v,[bjóðast
v,[bæta
v,[opna]
v,[vera
v,[skipuleggja]
v,[leggja
v,[sjást
v,[yfirþyrma]
v
v,[pakka]
v,[mála]
v
v
v,[taka
v,[fara
v,[fara
v,[líða
v,[setja
v,[standast]
v,[fara
v,[klappa]
v,[borga]
v,[smjúga
v,[skynja]
v,[gata]
v,[flytja
v,[þybbast
v,[sannfæra]
v
v
v
v,[hlaða]
v,[raða]
v,[skipuleggja]
v
v,[leika]
v,[veðja]
v
v,[spila]
v,[leika
v,[rökræða]
v,[gleðja]
v,[heita]
v,[ráðgera]
v
v,[setja
v
v,[fægja]
v,[smella]
v,[festa
v,[fresta]
v,[hópast]
v,[hella]
v,[biðja]
v,[biðja]
v,[predika]
v,[koma
v,[vilja
v,[afhenda]
v,[hvetja]
v,[þrýsta
v,[kreista]
v,[hindra]
v,[prenta]
v,[kunngera]
v,[framleiða]
v,[græða]
v,[lögsækja]
v,[verja]
v,[sanna]
v,[útvega]
v,[espa]
v,[áreita]
v,[gefa
v,[draga
v,[pumpa]
v,[kýla]
v,[gata]
v,[refsa]
v,[auglýsa]
v,[ýta
v,[setja]
v,[breyta]
v,[vera
v,[yfirheyra]
v,[hætta]
v,[vitna
v,[þjóta]
v,[byggja]
v,[reisa]
v,[safna
v,[ala
v,[hækka]
v,[nauðga]
v,[afreka]
v,[ná]
v,[lesa]
v,[gera
v,[ala
v,[þekkja]
v
v,[mæla
v,[taka
v,[ná
v,[fá
v,[endurvinna]
v,[láta
v,[vísa
v,[íhuga]
v,[endurkastast]
v,[bæta
v,[neita]
v,[hafna]
v,[neita]
v,[skrásetja]
v,[sjá
v,[styrkja
v,[hafna]
v,[tengja
v,[slappa
v,[sleppa]
v,[losa
v,[gefa
v,[treysta]
v,[vera
v,[minnast]
v,[minna
v,[endurtaka]
v,[koma
v,[vera
v,[standa
v,[endurgera]
v,[biðja
v,[skipa]
v,[bjarga]
v,[líkjast]
v,[taka
v,[taka
v,[segja
v,[standast]
v,[sporna
v,[virða]
v,[hvíla
v,[halda
v,[muna]
v,[fara
v,[fara
v,[hörfa]
v,[fara
v,[skila]
v,[endurgreiða]
v,[svifta
v,[umsnúa]
v,[minnast]
v,[endurskoða]
v,[lífga
v,[umbuna]
v,[stríða]
v,[ferðast
v,[hljóma]
v,[fara
v,[stíga]
v,[stíga]
v,[standa
v,[rísa]
v,[hætta
v,[drynja]
v,[ræna]
v,[rugga]
v,[snúa]
v,[ráfa]
v
v,[nudda]
v,[klóra
v,[stýra]
v,[bjóða
v,[ganga]
v,[hlaupa]
v,[flæða]
v,[flýja]
v,[sigla]
v,[safna]
v,[safna]
v,[segja
v,[skanna]
v,[dreifa]
v,[grauta
v,[skrapa]
v,[klóra]
v,[öskra]
v
v,[sigta
v,[svindla
v
v,[innsigla]
v,[treysta]
v,[sjá
v,[rekast
v,[sjá]
v,[leita
v,[virðast]
v,[grípa]
v,[selja]
v,[svíkja]
v,[senda]
v,[senda
v,[greinast]
v,[skilja]
v,[mismuna]
v,[bera
v,[þjóna]
v
v,[gróðursetja]
v,[setjast]
v,[setjast
v,[útkljá]
v,[sættast]
v,[sökkva]
v,[hrista]
v,[rugga]
v,[móta]
v,[deila]
v,[mölva]
v
v,[hella
v,[haggast]
v,[pússa]
v,[skína]
v,[skjálfa]
v,[gera
v,[hneyksla]
v,[spíra]
v,[skjóta]
v,[öskra]
v,[svívirða]
v,[sýna]
v,[sýna]
v,[sýna]
v,[minnka]
v,[yppta
v,[andvarpa]
v,[fara
v,[skrifa
v,[syngja]
v,[taka
v,[sitja]
v,[skauta]
v,[skella]
v,[slá
v,[líða]
v,[renna]
v,[hokra]
v,[mölbrjóta]
v,[lykta]
v,[finna
v,[brosa]
v,[reykja]
v,[bresta]
v,[hreyta
v,[grípa]
v,[smella]
v,[ræna]
v,[anda
v,[hjúfra
v,[gegnbleyta]
v,[leggja
v,[veðsetja]
v,[stíga
v,[leysa]
v,[sá]
v,[sjá
v,[hlífa]
v,[braska]
v,[fara
v,[eyða]
v,[hella
v,[skálda]
v
v,[hringsnúast]
v,[spýta]
v,[kjúfa]
v,[rotna]
v,[skaða]
v,[ofdekra]
v,[úða]
v,[dreifa]
v,[breiða
v,[hefja
v,[kreista]
v,[faðma]
v,[merja]
v,[kúga]
v,[stinga]
v,[bletta]
v,[vera
v,[stappa]
v,[þola]
v,[standa]
v,[fara]
v,[vera]
v,[stíga]
v,[misþyrma]
v,[halda
v,[gata]
v
v,[hræra]
v,[stoppa]
v,[hætta]
v,[geyma]
v,[geysa]
v,[rétta]
v,[teygja]
v,[leggja
v,[teygja]
v,[skálma]
v,[stroka
v,[fara
v,[afklæða
v,[strjúka]
v,[labba]
v,[læra]
v,[fylla]
v,[gleypa
v,[hrasa]
v,[beygja
v,[koma
v,[þjást]
v,[stinga
v,[vekja]
v,[hæfa]
v,[styðja]
v,[setja
v,[bæla
v,[umkringja]
v,[halda
v,[gleypa
v,[gleypa]
v,[sverja]
v,[blóta]
v,[sópa]
v,[bólgna]
v,[synda]
v,[fljóta]
v
v,[sópa]
v,[skipta
v,[taka
v,[koma
v,[tala]
v,[tappa
v,[banka]
v,[smakka]
v,[stríða]
v,[stríða]
v,[segja
v,[freista]
v,[hræða]
v,[vitna]
v,[þakka]
v,[hugsa]
v,[trúa]
v,[muna]
v,[hóta]
v,[rugla]
v,[kasta]
v,[varpa]
v,[tifa]
v,[hnýta]
v,[tímasetja]
v,[tipla]
v,[kollsteypast]
v,[þola]
v,[kasta]
v,[gereyðileggja]
v,[snerta]
v
v,[flytja]
v,[umbreyta]
v,[trampa]
v,[meðhöndla]
v,[fara
v,[skjálfa]
v,[hrasa]
v,[trufla]
v,[prófa]
v,[reyna]
v,[reyna
v,[hrasa]
v
v,[beygja
v,[snúa]
v,[snúa]
v,[snúa]
v,[iða]
v
v,[grafa
v,[skilja]
v,[setja
v,[takast
v,[endurnýja]
v,[kollvarpa]
v,[hvolfa]
v,[hvetja]
v,[nota]
v,[gefa
v,[heimsækja]
v,[kjósa]
v,[bíða]
v,[vakna]
v,[ganga]
v,[fara
v,[vilja]
v,[vara
v,[þvo]
v,[þvo]
v,[eyða]
v,[horfa
v,[veifa]
v,[klæðast]
v
v,[vigta]
v,[vega]
v,[hýða]
v,[hvísla]
v,[breikka]
v,[vinna]
v,[vinda
v,[þurrka]
v,[hætta
v,[íhuga]
v,[æfa]
v,[vinna]
v,[hafa
v,[pakka
v,[glíma]
v,[skrifa
v,[skrifa]
v,[stafa]
v,[semja
v,[geispa]
